<?xml version="1.0" encoding="UTF-8"?>
<project-private xmlns="http://www.netbeans.org/ns/project-private/1">
    <editor-bookmarks xmlns="http://www.netbeans.org/ns/editor-bookmarks/2" lastBookmarkId="0"/>
    <open-files xmlns="http://www.netbeans.org/ns/projectui-open-files/2">
        <group>
            <file>file:/E:/DANILO/UNESP/2020/Aulas/POO/Aula04-ClassesObjetos-Vetores/Aula04Exercicios/src/aula04exercicios/exer02/Conta.java</file>
            <file>file:/E:/DANILO/UNESP/2020/Aulas/POO/Aula04-ClassesObjetos-Vetores/Aula04Exercicios/src/aula04exercicios/exer02/PrincipalExer02.java</file>
            <file>file:/E:/DANILO/UNESP/2020/Aulas/POO/Aula04-ClassesObjetos-Vetores/Aula04Exercicios/src/aula04exercicios/exer02/Sistema.java</file>
        </group>
    </open-files>
</project-private>
