<?xml version="1.0" encoding="UTF-8"?>
<project-private xmlns="http://www.netbeans.org/ns/project-private/1">
    <editor-bookmarks xmlns="http://www.netbeans.org/ns/editor-bookmarks/2" lastBookmarkId="0"/>
    <open-files xmlns="http://www.netbeans.org/ns/projectui-open-files/2">
        <group>
            <file>file:/E:/DANILO/UNESP/2020/Aulas/POO/Aula08-Controlador/ExemplosAula08_ComControlador/src/exemplo/IU/Sistema.java</file>
            <file>file:/E:/DANILO/UNESP/2020/Aulas/POO/Aula08-Controlador/ExemplosAula08_ComControlador/src/exemplo/controlador/Controlador.java</file>
            <file>file:/E:/DANILO/UNESP/2020/Aulas/POO/Aula08-Controlador/ExemplosAula08_ComControlador/src/exemplo/modelo/Conta.java</file>
            <file>file:/E:/DANILO/UNESP/2020/Aulas/POO/Aula08-Controlador/ExemplosAula08_ComControlador/src/exemplo/modelo/ContaEspecial.java</file>
            <file>file:/E:/DANILO/UNESP/2020/Aulas/POO/Aula08-Controlador/ExemplosAula08_ComControlador/src/exemplo/IU/Principal.java</file>
            <file>file:/E:/DANILO/UNESP/2020/Aulas/POO/Aula08-Controlador/ExemplosAula08_ComControlador/src/exemplo/modelo/Constantes.java</file>
            <file>file:/E:/DANILO/UNESP/2020/Aulas/POO/Aula08-Controlador/ExemplosAula08_ComControlador/src/exemplo/modelo/Banco.java</file>
            <file>file:/E:/DANILO/UNESP/2020/Aulas/POO/Aula08-Controlador/ExemplosAula08_ComControlador/src/exemplo/persistencia/DataBase.java</file>
        </group>
    </open-files>
</project-private>
