<?xml version="1.0" encoding="UTF-8"?>
<project-private xmlns="http://www.netbeans.org/ns/project-private/1">
    <editor-bookmarks xmlns="http://www.netbeans.org/ns/editor-bookmarks/2" lastBookmarkId="0"/>
    <open-files xmlns="http://www.netbeans.org/ns/projectui-open-files/2">
        <group>
            <file>file:/E:/DANILO/UNESP/2020/Aulas/POO/Aula05-Heranca/Aula05Exercicios/src/exerc03/Tecnico.java</file>
            <file>file:/E:/DANILO/UNESP/2020/Aulas/POO/Aula05-Heranca/Aula05Exercicios/src/exerc03/SistemaUniversidade.java</file>
            <file>file:/E:/DANILO/UNESP/2020/Aulas/POO/Aula05-Heranca/Aula05Exercicios/src/exerc03/Funcionario.java</file>
            <file>file:/E:/DANILO/UNESP/2020/Aulas/POO/Aula05-Heranca/Aula05Exercicios/src/exerc03/Docente.java</file>
            <file>file:/E:/DANILO/UNESP/2020/Aulas/POO/Aula05-Heranca/Aula05Exercicios/src/exerc03/Universidade.java</file>
            <file>file:/E:/DANILO/UNESP/2020/Aulas/POO/Aula05-Heranca/Aula05Exercicios/src/exerc03/PrincipalExer03.java</file>
            <file>file:/E:/DANILO/UNESP/2020/Aulas/POO/Aula05-Heranca/Aula05Exercicios/src/exerc03/Departamento.java</file>
        </group>
    </open-files>
</project-private>
