<?xml version="1.0" encoding="UTF-8"?>
<project-private xmlns="http://www.netbeans.org/ns/project-private/1">
    <editor-bookmarks xmlns="http://www.netbeans.org/ns/editor-bookmarks/2" lastBookmarkId="0"/>
    <open-files xmlns="http://www.netbeans.org/ns/projectui-open-files/2">
        <group>
            <file>file:/E:/DANILO/UNESP/2020/Aulas/POO/Aula03-ClassesObjetos-Exercicios/youtube/Aula03Exercicios/src/exer08/Departamento.java</file>
            <file>file:/E:/DANILO/UNESP/2020/Aulas/POO/Aula03-ClassesObjetos-Exercicios/youtube/Aula03Exercicios/src/exer08/Funcionario.java</file>
            <file>file:/E:/DANILO/UNESP/2020/Aulas/POO/Aula03-ClassesObjetos-Exercicios/youtube/Aula03Exercicios/src/exer08/Universidade.java</file>
            <file>file:/E:/DANILO/UNESP/2020/Aulas/POO/Aula03-ClassesObjetos-Exercicios/youtube/Aula03Exercicios/src/exer08/PrincipalEx5.java</file>
        </group>
    </open-files>
</project-private>
