<?xml version="1.0" encoding="UTF-8"?>
<project-private xmlns="http://www.netbeans.org/ns/project-private/1">
    <editor-bookmarks xmlns="http://www.netbeans.org/ns/editor-bookmarks/2" lastBookmarkId="0"/>
    <open-files xmlns="http://www.netbeans.org/ns/projectui-open-files/2">
        <group>
            <file>file:/E:/DANILO/UNESP/2020/Aulas/POO/Aula04-ClassesObjetos-Vetores/Aula05Exercicios/src/exerc01/PrincipalExerc01.java</file>
            <file>file:/E:/DANILO/UNESP/2020/Aulas/POO/Aula04-ClassesObjetos-Vetores/Aula05Exercicios/src/exerc01/PecaImportada.java</file>
            <file>file:/E:/DANILO/UNESP/2020/Aulas/POO/Aula04-ClassesObjetos-Vetores/Aula05Exercicios/src/exerc01/Peca.java</file>
        </group>
    </open-files>
</project-private>
