<?xml version="1.0" encoding="UTF-8"?>
<project-private xmlns="http://www.netbeans.org/ns/project-private/1">
    <editor-bookmarks xmlns="http://www.netbeans.org/ns/editor-bookmarks/2" lastBookmarkId="0"/>
    <open-files xmlns="http://www.netbeans.org/ns/projectui-open-files/2">
        <group>
            <file>file:/E:/DANILO/UNESP/2020/Aulas/POO/Aula06-ClasseAbstrata-Polimorfismo/ExemplosAula06/src/classeabastrata/Principal.java</file>
            <file>file:/E:/DANILO/UNESP/2020/Aulas/POO/Aula06-ClasseAbstrata-Polimorfismo/ExemplosAula06/src/classeabastrata/Estadual.java</file>
            <file>file:/E:/DANILO/UNESP/2020/Aulas/POO/Aula06-ClasseAbstrata-Polimorfismo/ExemplosAula06/src/classeabastrata/Produto.java</file>
        </group>
    </open-files>
</project-private>
