<?xml version="1.0" encoding="UTF-8"?>
<project-private xmlns="http://www.netbeans.org/ns/project-private/1">
    <editor-bookmarks xmlns="http://www.netbeans.org/ns/editor-bookmarks/2" lastBookmarkId="0"/>
    <open-files xmlns="http://www.netbeans.org/ns/projectui-open-files/2">
        <group>
            <file>file:/E:/DANILO/UNESP/2020/Aulas/POO/Aula07-Constantes-MetodosAtributosStatic/Aula07Exercicios/src/exerc02/Principal.java</file>
            <file>file:/E:/DANILO/UNESP/2020/Aulas/POO/Aula07-Constantes-MetodosAtributosStatic/Aula07Exercicios/src/exerc02/Capitulo.java</file>
            <file>file:/E:/DANILO/UNESP/2020/Aulas/POO/Aula07-Constantes-MetodosAtributosStatic/Aula07Exercicios/src/exerc02/Livro.java</file>
            <file>file:/E:/DANILO/UNESP/2020/Aulas/POO/Aula07-Constantes-MetodosAtributosStatic/Aula07Exercicios/src/exerc02/Constantes.java</file>
        </group>
    </open-files>
</project-private>
