<?xml version="1.0" encoding="UTF-8"?>
<project-private xmlns="http://www.netbeans.org/ns/project-private/1">
    <editor-bookmarks xmlns="http://www.netbeans.org/ns/editor-bookmarks/2" lastBookmarkId="0"/>
    <open-files xmlns="http://www.netbeans.org/ns/projectui-open-files/2">
        <group>
            <file>file:/E:/DANILO/UNESP/2020/Aulas/POO/Aula02-Java-ClassesObjetos-Netbeans/youtube/ExemplosAula02/src/exemplosaula02/PrincipalEx1.java</file>
            <file>file:/E:/DANILO/UNESP/2020/Aulas/POO/Aula02-Java-ClassesObjetos-Netbeans/youtube/ExemplosAula02/src/exemplosaula02/AlunoAcademia.java</file>
            <file>file:/E:/DANILO/UNESP/2020/Aulas/POO/Aula02-Java-ClassesObjetos-Netbeans/youtube/ExemplosAula02/src/exemplosaula02/PrincipalEx3.java</file>
            <file>file:/E:/DANILO/UNESP/2020/Aulas/POO/Aula02-Java-ClassesObjetos-Netbeans/youtube/ExemplosAula02/src/exemplosaula02/Aluno.java</file>
            <file>file:/E:/DANILO/UNESP/2020/Aulas/POO/Aula02-Java-ClassesObjetos-Netbeans/youtube/ExemplosAula02/src/exemplosaula02/PrincipalEx2.java</file>
            <file>file:/E:/DANILO/UNESP/2020/Aulas/POO/Aula02-Java-ClassesObjetos-Netbeans/youtube/ExemplosAula02/src/exemplosaula02/Conta.java</file>
        </group>
    </open-files>
</project-private>
