<?xml version="1.0" encoding="UTF-8"?>
<project-private xmlns="http://www.netbeans.org/ns/project-private/1">
    <editor-bookmarks xmlns="http://www.netbeans.org/ns/editor-bookmarks/2" lastBookmarkId="0"/>
    <open-files xmlns="http://www.netbeans.org/ns/projectui-open-files/2">
        <group>
            <file>file:/E:/DANILO/UNESP/2020/Aulas/POO/Aula05-Heranca/Aula05Exercicios/src/exerc04/PrincipalExer4.java</file>
            <file>file:/E:/DANILO/UNESP/2020/Aulas/POO/Aula05-Heranca/Aula05Exercicios/src/exerc04/Lista.java</file>
            <file>file:/E:/DANILO/UNESP/2020/Aulas/POO/Aula05-Heranca/Aula05Exercicios/src/exerc04/ListaOrdenada.java</file>
        </group>
    </open-files>
</project-private>
